{
  "xxs": {
    "AP": 0.0,
    "AP50": 0.0,
    "AP75": 0.0,
    "gt_count": 1473,
    "edge_range": [
      0,
      12
    ],
    "gt_percent": 4.0
  },
  "xs": {
    "AP": 0.0,
    "AP50": 0.0,
    "AP75": 0.0,
    "gt_count": 2493,
    "edge_range": [
      12,
      20
    ],
    "gt_percent": 6.8
  },
  "s": {
    "AP": 0.0,
    "AP50": 0.021626550234165084,
    "AP75": 0.0,
    "gt_count": 3989,
    "edge_range": [
      20,
      32
    ],
    "gt_percent": 10.8
  },
  "m": {
    "AP": 0.10911857392712204,
    "AP50": 0.17272566610897488,
    "AP75": 0.11923066883754904,
    "gt_count": 8092,
    "edge_range": [
      32,
      64
    ],
    "gt_percent": 22.0
  },
  "l": {
    "AP": 0.20185618933635774,
    "AP50": 0.28222452499835726,
    "AP75": 0.2257842963152593,
    "gt_count": 8004,
    "edge_range": [
      64,
      128
    ],
    "gt_percent": 21.8
  },
  "xl": {
    "AP": 0.3138106848038992,
    "AP50": 0.3915717922729349,
    "AP75": 0.3463678186176657,
    "gt_count": 6880,
    "edge_range": [
      128,
      256
    ],
    "gt_percent": 18.7
  },
  "xxl": {
    "AP": 0.3535773018028793,
    "AP50": 0.4118349104509449,
    "AP75": 0.37698178072554606,
    "gt_count": 5850,
    "edge_range": [
      256,
      10000000000.0
    ],
    "gt_percent": 15.9
  },
  "overall": {
    "AP": 0.4543098335082346,
    "AP50": 0.6212760734759701,
    "AP75": 0.4929681109795698,
    "AP_small": 0.271961645059055,
    "AP_medium": 0.4991159327788904,
    "AP_large": 0.6233309408149186,
    "gt_count": 36781
  }
}