{
  "xss": {
    "AP": 0.0,
    "AP50": 0.08675218180340113,
    "AP75": 0.0,
    "gt_count": 4481,
    "gt_percent": 12.2,
    "area_range": [
      0,
      144
    ]
  },
  "xs": {
    "AP": 0.17167427738070498,
    "AP50": 0.35833512070125484,
    "AP75": 0.18178462288984037,
    "gt_count": 5053,
    "gt_percent": 13.7,
    "area_range": [
      144,
      400
    ]
  },
  "s": {
    "AP": 0.360421556496969,
    "AP50": 0.5536203052880267,
    "AP75": 0.3948709157011279,
    "gt_count": 5781,
    "gt_percent": 15.7,
    "area_range": [
      400,
      1024
    ]
  },
  "m": {
    "AP": 0.48110697022341703,
    "AP50": 0.6772781563613978,
    "AP75": 0.5301045864924798,
    "gt_count": 8294,
    "gt_percent": 22.5,
    "area_range": [
      1024,
      4096
    ]
  },
  "l": {
    "AP": 0.5704589704701668,
    "AP50": 0.7394480798164734,
    "AP75": 0.6315272439150176,
    "gt_count": 6881,
    "gt_percent": 18.7,
    "area_range": [
      4096,
      16384
    ]
  },
  "xl": {
    "AP": 0.6117458368756321,
    "AP50": 0.7375011066770829,
    "AP75": 0.6640522341760797,
    "gt_count": 4626,
    "gt_percent": 12.6,
    "area_range": [
      16384,
      65536
    ]
  },
  "xxl": {
    "AP": 0.3214825470262564,
    "AP50": 0.3988715815708796,
    "AP75": 0.34669696382610043,
    "gt_count": 1665,
    "gt_percent": 4.5,
    "area_range": [
      65536,
      10000000000.0
    ]
  },
  "overall": {
    "AP": 0.4543098335082346,
    "AP50": 0.6212760734759701,
    "AP75": 0.4929681109795698,
    "AP_small": 0.271961645059055,
    "AP_medium": 0.4991159327788904,
    "AP_large": 0.6233309408149186,
    "gt_count": 36781
  }
}