{
  "xxs": {
    "AP": 0.0,
    "AP50": 0.0,
    "AP75": 0.0,
    "gt_count": 5185,
    "edge_range": [
      0,
      12
    ],
    "gt_percent": 14.1
  },
  "xs": {
    "AP": 0.002871178399105109,
    "AP50": 0.04181531997954002,
    "AP75": 0.00609004384547264,
    "gt_count": 4662,
    "edge_range": [
      12,
      20
    ],
    "gt_percent": 12.7
  },
  "s": {
    "AP": 0.0768523861696113,
    "AP50": 0.125915289301848,
    "AP75": 0.08540935161852307,
    "gt_count": 5307,
    "edge_range": [
      20,
      32
    ],
    "gt_percent": 14.4
  },
  "m": {
    "AP": 0.20546825786910367,
    "AP50": 0.28671987699150114,
    "AP75": 0.22882853771077896,
    "gt_count": 7891,
    "edge_range": [
      32,
      64
    ],
    "gt_percent": 21.5
  },
  "l": {
    "AP": 0.2850215207941324,
    "AP50": 0.3593608746778994,
    "AP75": 0.3162091748192445,
    "gt_count": 6783,
    "edge_range": [
      64,
      128
    ],
    "gt_percent": 18.4
  },
  "xl": {
    "AP": 0.32833414708932446,
    "AP50": 0.38823525645957585,
    "AP75": 0.35761223071970655,
    "gt_count": 4734,
    "edge_range": [
      128,
      256
    ],
    "gt_percent": 12.9
  },
  "xxl": {
    "AP": 0.21626859689429515,
    "AP50": 0.2606953296172626,
    "AP75": 0.22401770826503056,
    "gt_count": 2219,
    "edge_range": [
      256,
      10000000000.0
    ],
    "gt_percent": 6.0
  },
  "overall": {
    "AP": 0.4543098335082346,
    "AP50": 0.6212760734759701,
    "AP75": 0.4929681109795698,
    "AP_small": 0.271961645059055,
    "AP_medium": 0.4991159327788904,
    "AP_large": 0.6233309408149186,
    "gt_count": 36781
  }
}