{
  "tiny": {
    "AP": 0.0,
    "AP50": 0.0,
    "AP75": 0.0,
    "gt_count": 2665,
    "edge_range": [
      0,
      16
    ],
    "gt_percent": 7.2
  },
  "xs": {
    "AP": 0.0,
    "AP50": 0.020786876724638696,
    "AP75": 0.0,
    "gt_count": 5290,
    "edge_range": [
      16,
      32
    ],
    "gt_percent": 14.4
  },
  "small": {
    "AP": 0.11167544059323559,
    "AP50": 0.17177896705626217,
    "AP75": 0.12654041632678134,
    "gt_count": 8092,
    "edge_range": [
      32,
      64
    ],
    "gt_percent": 22.0
  },
  "medium": {
    "AP": 0.19105033244437297,
    "AP50": 0.2764933554745423,
    "AP75": 0.21351427684542962,
    "gt_count": 8004,
    "edge_range": [
      64,
      128
    ],
    "gt_percent": 21.8
  },
  "large": {
    "AP": 0.2858054435987941,
    "AP50": 0.37940515500333416,
    "AP75": 0.3215061891904443,
    "gt_count": 6880,
    "edge_range": [
      128,
      256
    ],
    "gt_percent": 18.7
  },
  "xl": {
    "AP": 0.33266507321816674,
    "AP50": 0.42072861488673946,
    "AP75": 0.3688723870976976,
    "gt_count": 4732,
    "edge_range": [
      256,
      512
    ],
    "gt_percent": 12.9
  },
  "huge": {
    "AP": 0.019396726462656874,
    "AP50": 0.0765407789225726,
    "AP75": 0.03911383797835642,
    "gt_count": 1118,
    "edge_range": [
      512,
      10000000000.0
    ],
    "gt_percent": 3.0
  },
  "overall": {
    "AP": 0.4426393705901757,
    "AP50": 0.6267258720803803,
    "AP75": 0.4894135119042042,
    "AP_small": 0.2655811084587427,
    "AP_medium": 0.4816528996459367,
    "AP_large": 0.5867059555666413,
    "gt_count": 36781
  }
}