{
  "xxs": {
    "AP": 0.11272812176441095,
    "AP50": 0.1751763982128254,
    "AP75": 0.12164381235736586,
    "gt_count": 5185,
    "edge_range": [
      0,
      12
    ],
    "gt_percent": 14.1
  },
  "xs": {
    "AP": 0.16248210707722008,
    "AP50": 0.2384691333464137,
    "AP75": 0.17834240003892643,
    "gt_count": 4662,
    "edge_range": [
      12,
      20
    ],
    "gt_percent": 12.7
  },
  "s": {
    "AP": 0.21160998470020984,
    "AP50": 0.29025963701042323,
    "AP75": 0.24304512334787212,
    "gt_count": 5307,
    "edge_range": [
      20,
      32
    ],
    "gt_percent": 14.4
  },
  "m": {
    "AP": 0.3304958324190707,
    "AP50": 0.44624446356222364,
    "AP75": 0.38198164782623506,
    "gt_count": 7891,
    "edge_range": [
      32,
      64
    ],
    "gt_percent": 21.5
  },
  "l": {
    "AP": 0.393269549683692,
    "AP50": 0.5060585377984677,
    "AP75": 0.44291464658479945,
    "gt_count": 6783,
    "edge_range": [
      64,
      128
    ],
    "gt_percent": 18.4
  },
  "xl": {
    "AP": 0.48626860369853525,
    "AP50": 0.5983404834569634,
    "AP75": 0.5369982700848779,
    "gt_count": 4734,
    "edge_range": [
      128,
      256
    ],
    "gt_percent": 12.9
  },
  "xxl": {
    "AP": 0.5279870649232329,
    "AP50": 0.6294446233630729,
    "AP75": 0.5800098208299344,
    "gt_count": 2219,
    "edge_range": [
      256,
      10000000000.0
    ],
    "gt_percent": 6.0
  },
  "overall": {
    "AP": 0.4426393705901757,
    "AP50": 0.6267258720803803,
    "AP75": 0.4894135119042042,
    "AP_small": 0.2655811084587427,
    "AP_medium": 0.4816528996459367,
    "AP_large": 0.5867059555666413,
    "gt_count": 36781
  }
}