{
  "xss": {
    "AP": 0.0,
    "AP50": 0.06885236443331774,
    "AP75": 0.0,
    "gt_count": 4481,
    "gt_percent": 12.2,
    "area_range": [
      0,
      144
    ]
  },
  "xs": {
    "AP": 0.17926389858836844,
    "AP50": 0.32617524882623566,
    "AP75": 0.19595239365484574,
    "gt_count": 5053,
    "gt_percent": 13.7,
    "area_range": [
      144,
      400
    ]
  },
  "s": {
    "AP": 0.3396658064758943,
    "AP50": 0.5151419150610493,
    "AP75": 0.36713624366985,
    "gt_count": 5781,
    "gt_percent": 15.7,
    "area_range": [
      400,
      1024
    ]
  },
  "m": {
    "AP": 0.4700755228545546,
    "AP50": 0.6651518119867428,
    "AP75": 0.5319657515474222,
    "gt_count": 8294,
    "gt_percent": 22.5,
    "area_range": [
      1024,
      4096
    ]
  },
  "l": {
    "AP": 0.5333194490813187,
    "AP50": 0.7213800529526537,
    "AP75": 0.5974277572630948,
    "gt_count": 6881,
    "gt_percent": 18.7,
    "area_range": [
      4096,
      16384
    ]
  },
  "xl": {
    "AP": 0.5773217496882066,
    "AP50": 0.7450771290932963,
    "AP75": 0.6316100749019324,
    "gt_count": 4626,
    "gt_percent": 12.6,
    "area_range": [
      16384,
      65536
    ]
  },
  "xxl": {
    "AP": 0.2782628603591274,
    "AP50": 0.40596120399893304,
    "AP75": 0.3186708543676136,
    "gt_count": 1665,
    "gt_percent": 4.5,
    "area_range": [
      65536,
      10000000000.0
    ]
  },
  "overall": {
    "AP": 0.4426393705901757,
    "AP50": 0.6267258720803803,
    "AP75": 0.4894135119042042,
    "AP_small": 0.2655811084587427,
    "AP_medium": 0.4816528996459367,
    "AP_large": 0.5867059555666413,
    "gt_count": 36781
  }
}