{
  "tiny": {
    "AP": 0.06625294391606013,
    "AP50": 0.18170652268910623,
    "AP75": 0.06791974144304473,
    "gt_count": 7035,
    "gt_percent": 19.1,
    "area_range": [
      0,
      256
    ]
  },
  "xs": {
    "AP": 0.3208120582516924,
    "AP50": 0.49054527630789607,
    "AP75": 0.34716996433117603,
    "gt_count": 8280,
    "gt_percent": 22.5,
    "area_range": [
      256,
      1024
    ]
  },
  "small": {
    "AP": 0.4700755228545546,
    "AP50": 0.6651518119867428,
    "AP75": 0.5319657515474222,
    "gt_count": 8294,
    "gt_percent": 22.5,
    "area_range": [
      1024,
      4096
    ]
  },
  "medium": {
    "AP": 0.5333194490813187,
    "AP50": 0.7213800529526537,
    "AP75": 0.5974277572630948,
    "gt_count": 6881,
    "gt_percent": 18.7,
    "area_range": [
      4096,
      16384
    ]
  },
  "large": {
    "AP": 0.5773217496882066,
    "AP50": 0.7450771290932963,
    "AP75": 0.6316100749019324,
    "gt_count": 4626,
    "gt_percent": 12.6,
    "area_range": [
      16384,
      65536
    ]
  },
  "xl": {
    "AP": 0.2833682473025576,
    "AP50": 0.4117368295354533,
    "AP75": 0.3228295475747549,
    "gt_count": 1591,
    "gt_percent": 4.3,
    "area_range": [
      65536,
      262144
    ]
  },
  "huge": {
    "AP": 0.0,
    "AP50": 0.0,
    "AP75": 0.0,
    "gt_count": 74,
    "gt_percent": 0.2,
    "area_range": [
      262144,
      10000000000.0
    ]
  },
  "overall": {
    "AP": 0.4426393705901757,
    "AP50": 0.6267258720803803,
    "AP75": 0.4894135119042042,
    "AP_small": 0.2655811084587427,
    "AP_medium": 0.4816528996459367,
    "AP_large": 0.5867059555666413,
    "gt_count": 36781
  }
}