{
  "AP": 0.4426393705901757,
  "AP50": 0.6267258720803803,
  "AP75": 0.4894135119042042,
  "AP_small": 0.2655811084587427,
  "AP_medium": 0.4816528996459367,
  "AP_large": 0.5867059555666413,
  "AR_max1": 0.34326543903465245,
  "AR_max10": 0.5139620622949325,
  "AR_max100": 0.527454406739364,
  "AR_small": 0.31885112210454947,
  "AR_medium": 0.5662127384103771,
  "AR_large": 0.6830970384921669
}