{
  "xxs": {
    "AP": 0.0,
    "AP50": 0.0,
    "AP75": 0.0,
    "gt_count": 1473,
    "edge_range": [
      0,
      12
    ],
    "gt_percent": 4.0
  },
  "xs": {
    "AP": 0.0,
    "AP50": 0.0,
    "AP75": 0.0,
    "gt_count": 2493,
    "edge_range": [
      12,
      20
    ],
    "gt_percent": 6.8
  },
  "s": {
    "AP": 0.0,
    "AP50": 0.017305859910161824,
    "AP75": 0.0,
    "gt_count": 3989,
    "edge_range": [
      20,
      32
    ],
    "gt_percent": 10.8
  },
  "m": {
    "AP": 0.11167544059323559,
    "AP50": 0.17177896705626217,
    "AP75": 0.12654041632678134,
    "gt_count": 8092,
    "edge_range": [
      32,
      64
    ],
    "gt_percent": 22.0
  },
  "l": {
    "AP": 0.19105033244437297,
    "AP50": 0.2764933554745423,
    "AP75": 0.21351427684542962,
    "gt_count": 8004,
    "edge_range": [
      64,
      128
    ],
    "gt_percent": 21.8
  },
  "xl": {
    "AP": 0.2858054435987941,
    "AP50": 0.37940515500333416,
    "AP75": 0.3215061891904443,
    "gt_count": 6880,
    "edge_range": [
      128,
      256
    ],
    "gt_percent": 18.7
  },
  "xxl": {
    "AP": 0.3275948041382021,
    "AP50": 0.41560875584273343,
    "AP75": 0.36127697886140164,
    "gt_count": 5850,
    "edge_range": [
      256,
      10000000000.0
    ],
    "gt_percent": 15.9
  },
  "overall": {
    "AP": 0.4426393705901757,
    "AP50": 0.6267258720803803,
    "AP75": 0.4894135119042042,
    "AP_small": 0.2655811084587427,
    "AP_medium": 0.4816528996459367,
    "AP_large": 0.5867059555666413,
    "gt_count": 36781
  }
}