{
  "xxs": {
    "AP": 0.0,
    "AP50": 0.0,
    "AP75": 0.0,
    "gt_count": 5185,
    "edge_range": [
      0,
      12
    ],
    "gt_percent": 14.1
  },
  "xs": {
    "AP": 0.00718313352708069,
    "AP50": 0.042894434332550614,
    "AP75": 0.012047202946715484,
    "gt_count": 4662,
    "edge_range": [
      12,
      20
    ],
    "gt_percent": 12.7
  },
  "s": {
    "AP": 0.08061314877132893,
    "AP50": 0.12673477523184162,
    "AP75": 0.09047809768634783,
    "gt_count": 5307,
    "edge_range": [
      20,
      32
    ],
    "gt_percent": 14.4
  },
  "m": {
    "AP": 0.1996566656125513,
    "AP50": 0.2871320406093829,
    "AP75": 0.22907714233329596,
    "gt_count": 7891,
    "edge_range": [
      32,
      64
    ],
    "gt_percent": 21.5
  },
  "l": {
    "AP": 0.262626792644494,
    "AP50": 0.3509015973993081,
    "AP75": 0.292967569105005,
    "gt_count": 6783,
    "edge_range": [
      64,
      128
    ],
    "gt_percent": 18.4
  },
  "xl": {
    "AP": 0.30922445885862576,
    "AP50": 0.3935956970187869,
    "AP75": 0.33922912110904785,
    "gt_count": 4734,
    "edge_range": [
      128,
      256
    ],
    "gt_percent": 12.9
  },
  "xxl": {
    "AP": 0.19201346839812447,
    "AP50": 0.26360953727813546,
    "AP75": 0.2185661342066935,
    "gt_count": 2219,
    "edge_range": [
      256,
      10000000000.0
    ],
    "gt_percent": 6.0
  },
  "overall": {
    "AP": 0.4426393705901757,
    "AP50": 0.6267258720803803,
    "AP75": 0.4894135119042042,
    "AP_small": 0.2655811084587427,
    "AP_medium": 0.4816528996459367,
    "AP_large": 0.5867059555666413,
    "gt_count": 36781
  }
}