{
  "AP": 0.3469282231010715,
  "AP50": 0.5000226609230336,
  "AP75": 0.37857126169619865,
  "AP_small": 0.17517690466959412,
  "AP_medium": 0.3789532911821894,
  "AP_large": 0.4688660547978439,
  "AR_max1": 0.2864182310352458,
  "AR_max10": 0.41432798379147523,
  "AR_max100": 0.42031536720500356,
  "AR_small": 0.2089070866093494,
  "AR_medium": 0.45870698786230046,
  "AR_large": 0.5673735519162716
}