{
  "tiny": {
    "AP": 0.0,
    "AP50": 0.0,
    "AP75": 0.0,
    "gt_count": 2665,
    "edge_range": [
      0,
      16
    ],
    "gt_percent": 7.2
  },
  "xs": {
    "AP": 0.0,
    "AP50": 0.0,
    "AP75": 0.0,
    "gt_count": 5290,
    "edge_range": [
      16,
      32
    ],
    "gt_percent": 14.4
  },
  "small": {
    "AP": 0.0989645775666788,
    "AP50": 0.153241556592748,
    "AP75": 0.11135722318992071,
    "gt_count": 8092,
    "edge_range": [
      32,
      64
    ],
    "gt_percent": 22.0
  },
  "medium": {
    "AP": 0.17650037881005307,
    "AP50": 0.2527220274040759,
    "AP75": 0.19644752141594965,
    "gt_count": 8004,
    "edge_range": [
      64,
      128
    ],
    "gt_percent": 21.8
  },
  "large": {
    "AP": 0.22913101915385123,
    "AP50": 0.3083156725480879,
    "AP75": 0.25488342888795334,
    "gt_count": 6880,
    "edge_range": [
      128,
      256
    ],
    "gt_percent": 18.7
  },
  "xl": {
    "AP": 0.21552519616681948,
    "AP50": 0.28746164294370513,
    "AP75": 0.23089678864754254,
    "gt_count": 4732,
    "edge_range": [
      256,
      512
    ],
    "gt_percent": 12.9
  },
  "huge": {
    "AP": 0.0,
    "AP50": 0.005949034459849886,
    "AP75": 0.0,
    "gt_count": 1118,
    "edge_range": [
      512,
      10000000000.0
    ],
    "gt_percent": 3.0
  },
  "overall": {
    "AP": 0.3469282231010715,
    "AP50": 0.5000226609230336,
    "AP75": 0.37857126169619865,
    "AP_small": 0.17517690466959412,
    "AP_medium": 0.3789532911821894,
    "AP_large": 0.4688660547978439,
    "gt_count": 36781
  }
}