{
  "tiny": {
    "AP": 0.0,
    "AP50": 0.04343807225071854,
    "AP75": 0.0,
    "gt_count": 7035,
    "gt_percent": 19.1,
    "area_range": [
      0,
      256
    ]
  },
  "xs": {
    "AP": 0.2266875106202331,
    "AP50": 0.3495030186737203,
    "AP75": 0.2426637295998653,
    "gt_count": 8280,
    "gt_percent": 22.5,
    "area_range": [
      256,
      1024
    ]
  },
  "small": {
    "AP": 0.36235854684443075,
    "AP50": 0.5305774993516511,
    "AP75": 0.40239273192465075,
    "gt_count": 8294,
    "gt_percent": 22.5,
    "area_range": [
      1024,
      4096
    ]
  },
  "medium": {
    "AP": 0.4368777970232968,
    "AP50": 0.6069571779219107,
    "AP75": 0.47928950433441236,
    "gt_count": 6881,
    "gt_percent": 18.7,
    "area_range": [
      4096,
      16384
    ]
  },
  "large": {
    "AP": 0.44192732549076874,
    "AP50": 0.6036270881361993,
    "AP75": 0.47812487684229205,
    "gt_count": 4626,
    "gt_percent": 12.6,
    "area_range": [
      16384,
      65536
    ]
  },
  "xl": {
    "AP": 0.1892313687443298,
    "AP50": 0.30803026789426285,
    "AP75": 0.2125953845753787,
    "gt_count": 1591,
    "gt_percent": 4.3,
    "area_range": [
      65536,
      262144
    ]
  },
  "huge": {
    "AP": 0.0,
    "AP50": 0.0,
    "AP75": 0.0,
    "gt_count": 74,
    "gt_percent": 0.2,
    "area_range": [
      262144,
      10000000000.0
    ]
  },
  "overall": {
    "AP": 0.3469282231010715,
    "AP50": 0.5000226609230336,
    "AP75": 0.37857126169619865,
    "AP_small": 0.17517690466959412,
    "AP_medium": 0.3789532911821894,
    "AP_large": 0.4688660547978439,
    "gt_count": 36781
  }
}