{
  "xss": {
    "AP": 0.0,
    "AP50": 0.0,
    "AP75": 0.0,
    "gt_count": 4481,
    "gt_percent": 12.2,
    "area_range": [
      0,
      144
    ]
  },
  "xs": {
    "AP": 0.07167040306199891,
    "AP50": 0.13957452905427686,
    "AP75": 0.0912261306131659,
    "gt_count": 5053,
    "gt_percent": 13.7,
    "area_range": [
      144,
      400
    ]
  },
  "s": {
    "AP": 0.22808197574745523,
    "AP50": 0.33313607644340565,
    "AP75": 0.2533796744610409,
    "gt_count": 5781,
    "gt_percent": 15.7,
    "area_range": [
      400,
      1024
    ]
  },
  "m": {
    "AP": 0.35115788669168296,
    "AP50": 0.4950862393514304,
    "AP75": 0.3899951976866353,
    "gt_count": 8294,
    "gt_percent": 22.5,
    "area_range": [
      1024,
      4096
    ]
  },
  "l": {
    "AP": 0.43216296226542594,
    "AP50": 0.587338387395067,
    "AP75": 0.4759838539704849,
    "gt_count": 6881,
    "gt_percent": 18.7,
    "area_range": [
      4096,
      16384
    ]
  },
  "xl": {
    "AP": 0.467032228353675,
    "AP50": 0.6181639089288422,
    "AP75": 0.5091571051917285,
    "gt_count": 4626,
    "gt_percent": 12.6,
    "area_range": [
      16384,
      65536
    ]
  },
  "xxl": {
    "AP": 0.2116473429603658,
    "AP50": 0.32829852559884165,
    "AP75": 0.23672504996931756,
    "gt_count": 1665,
    "gt_percent": 4.5,
    "area_range": [
      65536,
      10000000000.0
    ]
  },
  "overall": {
    "AP": 0.3364340186065127,
    "AP50": 0.4661468820251538,
    "AP75": 0.3688145727459824,
    "AP_small": 0.16061588558160958,
    "AP_medium": 0.3715248938048553,
    "AP_large": 0.484317725546398,
    "gt_count": 36781
  }
}