{
  "xxs": {
    "AP": 0.0,
    "AP50": 0.0,
    "AP75": 0.0,
    "gt_count": 5185,
    "edge_range": [
      0,
      12
    ],
    "gt_percent": 14.1
  },
  "xs": {
    "AP": 0.0,
    "AP50": 0.0,
    "AP75": 0.0,
    "gt_count": 4662,
    "edge_range": [
      12,
      20
    ],
    "gt_percent": 12.7
  },
  "s": {
    "AP": 0.05396012382825674,
    "AP50": 0.08598533499278785,
    "AP75": 0.06059071187618308,
    "gt_count": 5307,
    "edge_range": [
      20,
      32
    ],
    "gt_percent": 14.4
  },
  "m": {
    "AP": 0.17184205961166366,
    "AP50": 0.2464594695838299,
    "AP75": 0.19196527550842352,
    "gt_count": 7891,
    "edge_range": [
      32,
      64
    ],
    "gt_percent": 21.5
  },
  "l": {
    "AP": 0.2528019399838625,
    "AP50": 0.3342925462062108,
    "AP75": 0.28164753200145115,
    "gt_count": 6783,
    "edge_range": [
      64,
      128
    ],
    "gt_percent": 18.4
  },
  "xl": {
    "AP": 0.2799837305072542,
    "AP50": 0.3600731412113976,
    "AP75": 0.3055455472374671,
    "gt_count": 4734,
    "edge_range": [
      128,
      256
    ],
    "gt_percent": 12.9
  },
  "xxl": {
    "AP": 0.18584563594857426,
    "AP50": 0.25874986087024426,
    "AP75": 0.19799091537186794,
    "gt_count": 2219,
    "edge_range": [
      256,
      10000000000.0
    ],
    "gt_percent": 6.0
  },
  "overall": {
    "AP": 0.3364340186065127,
    "AP50": 0.4661468820251538,
    "AP75": 0.3688145727459824,
    "AP_small": 0.16061588558160958,
    "AP_medium": 0.3715248938048553,
    "AP_large": 0.484317725546398,
    "gt_count": 36781
  }
}