{
  "AP": 0.3364340186065127,
  "AP50": 0.4661468820251538,
  "AP75": 0.3688145727459824,
  "AP_small": 0.16061588558160958,
  "AP_medium": 0.3715248938048553,
  "AP_large": 0.484317725546398,
  "AR_max1": 0.2791758482501778,
  "AR_max10": 0.37766591984084164,
  "AR_max100": 0.37969042232361216,
  "AR_small": 0.17118973317879976,
  "AR_medium": 0.41138014733784223,
  "AR_large": 0.5549391152695389
}