{
  "xxs": {
    "AP": 0.0,
    "AP50": 0.0,
    "AP75": 0.0,
    "gt_count": 1473,
    "bin": "xxs",
    "edge_range": [
      0,
      12
    ],
    "gt_percent": 4.0
  },
  "xs": {
    "AP": 0.0,
    "AP50": 0.0,
    "AP75": 0.0,
    "gt_count": 2493,
    "bin": "xs",
    "edge_range": [
      12,
      20
    ],
    "gt_percent": 6.8
  },
  "s": {
    "AP": 0.0,
    "AP50": 0.0,
    "AP75": 0.0,
    "gt_count": 3989,
    "bin": "s",
    "edge_range": [
      20,
      32
    ],
    "gt_percent": 10.8
  },
  "m": {
    "AP": 0.0,
    "AP50": 0.0,
    "AP75": 0.0,
    "gt_count": 8092,
    "bin": "m",
    "edge_range": [
      32,
      64
    ],
    "gt_percent": 22.0
  },
  "l": {
    "AP": 0.0,
    "AP50": 0.0,
    "AP75": 0.0,
    "gt_count": 8004,
    "bin": "l",
    "edge_range": [
      64,
      128
    ],
    "gt_percent": 21.8
  },
  "xl": {
    "AP": 0.0,
    "AP50": 0.0,
    "AP75": 0.0,
    "gt_count": 6880,
    "bin": "xl",
    "edge_range": [
      128,
      256
    ],
    "gt_percent": 18.7
  },
  "xxl": {
    "AP": 0.0,
    "AP50": 0.0,
    "AP75": 0.0,
    "gt_count": 5850,
    "bin": "xxl",
    "edge_range": [
      256,
      10000000000.0
    ],
    "gt_percent": 15.9
  },
  "overall": {
    "AP": 0.3364340186065127,
    "AP50": 0.4661468820251538,
    "AP75": 0.3688145727459824,
    "AP_small": 0.16061588558160958,
    "AP_medium": 0.3715248938048553,
    "AP_large": 0.484317725546398,
    "gt_count": 36781
  }
}