{
  "tiny": {
    "AP": 0.0,
    "AP50": 0.0,
    "AP75": 0.0,
    "gt_count": 2665,
    "edge_range": [
      0,
      16
    ],
    "gt_percent": 7.2
  },
  "xs": {
    "AP": 0.0,
    "AP50": 0.0,
    "AP75": 0.0,
    "gt_count": 5290,
    "edge_range": [
      16,
      32
    ],
    "gt_percent": 14.4
  },
  "small": {
    "AP": 0.08629802871604711,
    "AP50": 0.13011696532060837,
    "AP75": 0.09803849509756511,
    "gt_count": 8092,
    "edge_range": [
      32,
      64
    ],
    "gt_percent": 22.0
  },
  "medium": {
    "AP": 0.17416516424767153,
    "AP50": 0.2440504064071058,
    "AP75": 0.19417726964409027,
    "gt_count": 8004,
    "edge_range": [
      64,
      128
    ],
    "gt_percent": 21.8
  },
  "large": {
    "AP": 0.25796737476409765,
    "AP50": 0.34098166339737507,
    "AP75": 0.2826191120072043,
    "gt_count": 6880,
    "edge_range": [
      128,
      256
    ],
    "gt_percent": 18.7
  },
  "xl": {
    "AP": 0.270058495188022,
    "AP50": 0.35010328458795065,
    "AP75": 0.28870520333468785,
    "gt_count": 4732,
    "edge_range": [
      256,
      512
    ],
    "gt_percent": 12.9
  },
  "huge": {
    "AP": 0.02340261268192211,
    "AP50": 0.07097267380795068,
    "AP75": 0.037973020489178874,
    "gt_count": 1118,
    "edge_range": [
      512,
      10000000000.0
    ],
    "gt_percent": 3.0
  },
  "overall": {
    "AP": 0.3364340186065127,
    "AP50": 0.4661468820251538,
    "AP75": 0.3688145727459824,
    "AP_small": 0.16061588558160958,
    "AP_medium": 0.3715248938048553,
    "AP_large": 0.484317725546398,
    "gt_count": 36781
  }
}