{
  "tiny": {
    "AP": 0.0,
    "AP50": 6.569083350382975e-06,
    "AP75": 0.0,
    "gt_count": 7035,
    "gt_percent": 19.1,
    "area_range": [
      0,
      256
    ]
  },
  "xs": {
    "AP": 0.21092763810836634,
    "AP50": 0.30735561748144474,
    "AP75": 0.23463379930151482,
    "gt_count": 8280,
    "gt_percent": 22.5,
    "area_range": [
      256,
      1024
    ]
  },
  "small": {
    "AP": 0.35115788669168296,
    "AP50": 0.4950862393514304,
    "AP75": 0.3899951976866353,
    "gt_count": 8294,
    "gt_percent": 22.5,
    "area_range": [
      1024,
      4096
    ]
  },
  "medium": {
    "AP": 0.43216296226542594,
    "AP50": 0.587338387395067,
    "AP75": 0.4759838539704849,
    "gt_count": 6881,
    "gt_percent": 18.7,
    "area_range": [
      4096,
      16384
    ]
  },
  "large": {
    "AP": 0.467032228353675,
    "AP50": 0.6181639089288422,
    "AP75": 0.5091571051917285,
    "gt_count": 4626,
    "gt_percent": 12.6,
    "area_range": [
      16384,
      65536
    ]
  },
  "xl": {
    "AP": 0.21521324937795905,
    "AP50": 0.33265245552576567,
    "AP75": 0.2410295944453053,
    "gt_count": 1591,
    "gt_percent": 4.3,
    "area_range": [
      65536,
      262144
    ]
  },
  "huge": {
    "AP": 0.0,
    "AP50": 0.0,
    "AP75": 0.0,
    "gt_count": 74,
    "gt_percent": 0.2,
    "area_range": [
      262144,
      10000000000.0
    ]
  },
  "overall": {
    "AP": 0.3364340186065127,
    "AP50": 0.4661468820251538,
    "AP75": 0.3688145727459824,
    "AP_small": 0.16061588558160958,
    "AP_medium": 0.3715248938048553,
    "AP_large": 0.484317725546398,
    "gt_count": 36781
  }
}